ページ	実際のページ	合意したデザイン	種別	確認内容	判定	補足（NGの時のみ）
アーバンネイチャー北九州 | 都市と自然、近いからこそおもしろい。	http://nature-kitakyushuichiki.local/	../../index.html	表示確認	見た目は「合意したデザイン」の通りに見えますか？（崩れ・文字化け・画像抜けがないか）		
お知らせ | アーバンネイチャー北九州	http://nature-kitakyushuichiki.local/news/	../../news/index.html	表示確認	見た目は「合意したデザイン」の通りに見えますか？（崩れ・文字化け・画像抜けがないか）		
「北九州ネイチャーポジティブネットワーク」で仲間がどんどん増えています！ | お知らせ | アーバンネイチャー北九州	http://nature-kitakyushuichiki.local/news/20251224-2/	../../news/20251224-2.html	表示確認	見た目は「合意したデザイン」の通りに見えますか？（崩れ・文字化け・画像抜けがないか）		
全体像 | アーバンネイチャー北九州	http://nature-kitakyushuichiki.local/about/	../../about/index.html	表示確認	見た目は「合意したデザイン」の通りに見えますか？（崩れ・文字化け・画像抜けがないか）		
生物多様性とは？ | アーバンネイチャー北九州	http://nature-kitakyushuichiki.local/about-biodiversity/	../../about/biodiversity.html	表示確認	見た目は「合意したデザイン」の通りに見えますか？（崩れ・文字化け・画像抜けがないか）		
北九州市の取組 | アーバンネイチャー北九州	http://nature-kitakyushuichiki.local/about-strategy/	../../about/strategy.html	表示確認	見た目は「合意したデザイン」の通りに見えますか？（崩れ・文字化け・画像抜けがないか）		
活動拠点 | アーバンネイチャー北九州	http://nature-kitakyushuichiki.local/center/	../../center/index.html	表示確認	見た目は「合意したデザイン」の通りに見えますか？（崩れ・文字化け・画像抜けがないか）		
北九州市響灘ビオトープ | アーバンネイチャー北九州	http://nature-kitakyushuichiki.local/center/biotope/	../../center/biotope.html	表示確認	見た目は「合意したデザイン」の通りに見えますか？（崩れ・文字化け・画像抜けがないか）		
北九州市の自然スポット | アーバンネイチャー北九州	http://nature-kitakyushuichiki.local/about/spots/	../../about/spots.html	表示確認	見た目は「合意したデザイン」の通りに見えますか？（崩れ・文字化け・画像抜けがないか）		
合馬竹林公園 | アーバンネイチャー北九州	http://nature-kitakyushuichiki.local/about/spots/auma/	../../about/spots/auma.html	表示確認	見た目は「合意したデザイン」の通りに見えますか？（崩れ・文字化け・画像抜けがないか）		
地域との繋がり | アーバンネイチャー北九州	http://nature-kitakyushuichiki.local/network/	../../network/index.html	表示確認	見た目は「合意したデザイン」の通りに見えますか？（崩れ・文字化け・画像抜けがないか）		
企業参加型プロジェクト | アーバンネイチャー北九州	http://nature-kitakyushuichiki.local/network-projects/	../../network/projects/index.html	表示確認	見た目は「合意したデザイン」の通りに見えますか？（崩れ・文字化け・画像抜けがないか）		
活動紹介 | アーバンネイチャー北九州	http://nature-kitakyushuichiki.local/network/cases/	../../network/cases/index.html	表示確認	見た目は「合意したデザイン」の通りに見えますか？（崩れ・文字化け・画像抜けがないか）		
九州電力株式会社 北九州支店 | 活動紹介 | アーバンネイチャー北九州	http://nature-kitakyushuichiki.local/network/cases/kyushu-denryoku/	../../network/cases/kyushu-denryoku.html	表示確認	見た目は「合意したデザイン」の通りに見えますか？（崩れ・文字化け・画像抜けがないか）		
企業の活動ブログ | アーバンネイチャー北九州	http://nature-kitakyushuichiki.local/blog/	../../blog/index.html	表示確認	見た目は「合意したデザイン」の通りに見えますか？（崩れ・文字化け・画像抜けがないか）		
団体等の活動ブログ | アーバンネイチャー北九州	http://nature-kitakyushuichiki.local/blog-organization/	../../blog/organization.html	表示確認	見た目は「合意したデザイン」の通りに見えますか？（崩れ・文字化け・画像抜けがないか）		
イベント | アーバンネイチャー北九州	http://nature-kitakyushuichiki.local/events/	../../events/index.html	表示確認	見た目は「合意したデザイン」の通りに見えますか？（崩れ・文字化け・画像抜けがないか）		
8/29(土) 一夜限りの「夜の水族館」開館！ | アーバンネイチャー北九州	http://nature-kitakyushuichiki.local/events/sample/	../../events/20260817-suizokukan.html	表示確認	見た目は「合意したデザイン」の通りに見えますか？（崩れ・文字化け・画像抜けがないか）		
みんなの写真展 | アーバンネイチャー北九州	http://nature-kitakyushuichiki.local/photos/	../../photos/index.html	表示確認	見た目は「合意したデザイン」の通りに見えますか？（崩れ・文字化け・画像抜けがないか）		
お問合せ | アーバンネイチャー北九州	http://nature-kitakyushuichiki.local/contact/	../../contact/index.html	表示確認	見た目は「合意したデザイン」の通りに見えますか？（崩れ・文字化け・画像抜けがないか）		
会員募集 | アーバンネイチャー北九州	http://nature-kitakyushuichiki.local/join/	../../join/index.html	表示確認	見た目は「合意したデザイン」の通りに見えますか？（崩れ・文字化け・画像抜けがないか）		
プライバシーポリシー | アーバンネイチャー北九州	http://nature-kitakyushuichiki.local/privacy/	../../privacy/index.html	表示確認	見た目は「合意したデザイン」の通りに見えますか？（崩れ・文字化け・画像抜けがないか）		
参加申し込み｜企業向け生態系保全体験プログラム ― ビオトープづくり | アーバンネイチャー北九州	http://nature-kitakyushuichiki.local/events-biotope-kigyo-apply/	../../events/biotope-kigyo-apply.html	表示確認	見た目は「合意したデザイン」の通りに見えますか？（崩れ・文字化け・画像抜けがないか）		
2025年5～6月のイベント一覧 | アーバンネイチャー北九州	http://nature-kitakyushuichiki.local/events-202505-06/	../../events/events-202505-06.html	表示確認	見た目は「合意したデザイン」の通りに見えますか？（崩れ・文字化け・画像抜けがないか）		
2025年7～8月のイベント一覧 | アーバンネイチャー北九州	http://nature-kitakyushuichiki.local/events-202507-08/	../../events/events-202507-08.html	表示確認	見た目は「合意したデザイン」の通りに見えますか？（崩れ・文字化け・画像抜けがないか）		
2025年10～11月のイベント一覧 | アーバンネイチャー北九州	http://nature-kitakyushuichiki.local/events-202510-11/	../../events/events-202510-11.html	表示確認	見た目は「合意したデザイン」の通りに見えますか？（崩れ・文字化け・画像抜けがないか）		
2026年1月のイベント一覧 | アーバンネイチャー北九州	http://nature-kitakyushuichiki.local/events-202601/	../../events/events-202601.html	表示確認	見た目は「合意したデザイン」の通りに見えますか？（崩れ・文字化け・画像抜けがないか）		
参加申し込み｜平尾台 春の自然観察会 | アーバンネイチャー北九州	http://nature-kitakyushuichiki.local/events-hiraodai-kansatsukai-apply/	../../events/hiraodai-kansatsukai-apply.html	表示確認	見た目は「合意したデザイン」の通りに見えますか？（崩れ・文字化け・画像抜けがないか）		
参加申し込み｜曽根干潟クリーンアップ大作戦 2026春 | アーバンネイチャー北九州	http://nature-kitakyushuichiki.local/events-sone-higata-cleanup-apply/	../../events/sone-higata-cleanup-apply.html	表示確認	見た目は「合意したデザイン」の通りに見えますか？（崩れ・文字化け・画像抜けがないか）		
参加申し込み｜夏休み自然体験キャンプ ― 2泊3日で学ぶ北九州の自然 | アーバンネイチャー北九州	http://nature-kitakyushuichiki.local/events-summer-camp-apply/	../../events/summer-camp-apply.html	表示確認	見た目は「合意したデザイン」の通りに見えますか？（崩れ・文字化け・画像抜けがないか）		
自然共生サイト | アーバンネイチャー北九州	http://nature-kitakyushuichiki.local/nature-symbiosis/	../../nature-symbiosis/index.html	表示確認	見た目は「合意したデザイン」の通りに見えますか？（崩れ・文字化け・画像抜けがないか）		
響灘ビオトープ共同事業体 | アーバンネイチャー北九州	http://nature-kitakyushuichiki.local/network-hibikinadabiotope/	../../network/hibikinadabiotope.html	表示確認	見た目は「合意したデザイン」の通りに見えますか？（崩れ・文字化け・画像抜けがないか）		
動物 | アーバンネイチャー北九州	http://nature-kitakyushuichiki.local/photos-animal/	../../photos/animal.html	表示確認	見た目は「合意したデザイン」の通りに見えますか？（崩れ・文字化け・画像抜けがないか）		
動物1 | アーバンネイチャー北九州	http://nature-kitakyushuichiki.local/photos-animal1/	../../photos/animal1.html	表示確認	見た目は「合意したデザイン」の通りに見えますか？（崩れ・文字化け・画像抜けがないか）		
あさの汐風公園　桜　噴水 | アーバンネイチャー北九州	http://nature-kitakyushuichiki.local/photos-asano-shiokaze-kouen/	../../photos/asano-shiokaze-kouen.html	表示確認	見た目は「合意したデザイン」の通りに見えますか？（崩れ・文字化け・画像抜けがないか）		
合馬の竹林 | アーバンネイチャー北九州	http://nature-kitakyushuichiki.local/photos-auma-no-chikurin/	../../photos/auma-no-chikurin.html	表示確認	見た目は「合意したデザイン」の通りに見えますか？（崩れ・文字化け・画像抜けがないか）		
ブロッコリー | アーバンネイチャー北九州	http://nature-kitakyushuichiki.local/photos-broccoli/	../../photos/broccoli.html	表示確認	見た目は「合意したデザイン」の通りに見えますか？（崩れ・文字化け・画像抜けがないか）		
コンテスト作品 | アーバンネイチャー北九州	http://nature-kitakyushuichiki.local/photos-contest/	../../photos/contest.html	表示確認	見た目は「合意したデザイン」の通りに見えますか？（崩れ・文字化け・画像抜けがないか）		
昆虫・その他 | アーバンネイチャー北九州	http://nature-kitakyushuichiki.local/photos-etc/	../../photos/etc.html	表示確認	見た目は「合意したデザイン」の通りに見えますか？（崩れ・文字化け・画像抜けがないか）		
フダンナスイスチャード | アーバンネイチャー北九州	http://nature-kitakyushuichiki.local/photos-fudanna-swiss-chard/	../../photos/fudanna-swiss-chard.html	表示確認	見た目は「合意したデザイン」の通りに見えますか？（崩れ・文字化け・画像抜けがないか）		
グリーンパーク | アーバンネイチャー北九州	http://nature-kitakyushuichiki.local/photos-greenpark/	../../photos/greenpark.html	表示確認	見た目は「合意したデザイン」の通りに見えますか？（崩れ・文字化け・画像抜けがないか）		
春吉の眼鏡橋 | アーバンネイチャー北九州	http://nature-kitakyushuichiki.local/photos-haruyoshi-no-meganebashi/	../../photos/haruyoshi-no-meganebashi.html	表示確認	見た目は「合意したデザイン」の通りに見えますか？（崩れ・文字化け・画像抜けがないか）		
ひびき海の公園（フィッシャリーナ） | アーバンネイチャー北九州	http://nature-kitakyushuichiki.local/photos-hibiki-umino-kouen-fisharina/	../../photos/hibiki-umino-kouen-fisharina.html	表示確認	見た目は「合意したデザイン」の通りに見えますか？（崩れ・文字化け・画像抜けがないか）		
ひびき海の公園1 | アーバンネイチャー北九州	http://nature-kitakyushuichiki.local/photos-hibiki-umino-kouen1/	../../photos/hibiki-umino-kouen1.html	表示確認	見た目は「合意したデザイン」の通りに見えますか？（崩れ・文字化け・画像抜けがないか）		
ひびき海の公園2 | アーバンネイチャー北九州	http://nature-kitakyushuichiki.local/photos-hibiki-umino-kouen2/	../../photos/hibiki-umino-kouen2.html	表示確認	見た目は「合意したデザイン」の通りに見えますか？（崩れ・文字化け・画像抜けがないか）		
響灘ビオトープ | アーバンネイチャー北九州	http://nature-kitakyushuichiki.local/photos-hibikinada-biotope/	../../photos/hibikinada-biotope.html	表示確認	見た目は「合意したデザイン」の通りに見えますか？（崩れ・文字化け・画像抜けがないか）		
平尾台1 | アーバンネイチャー北九州	http://nature-kitakyushuichiki.local/photos-hiraodai1/	../../photos/hiraodai1.html	表示確認	見た目は「合意したデザイン」の通りに見えますか？（崩れ・文字化け・画像抜けがないか）		
平尾台2 | アーバンネイチャー北九州	http://nature-kitakyushuichiki.local/photos-hiraodai2/	../../photos/hiraodai2.html	表示確認	見た目は「合意したデザイン」の通りに見えますか？（崩れ・文字化け・画像抜けがないか）		
関門海峡 | アーバンネイチャー北九州	http://nature-kitakyushuichiki.local/photos-kanmon-kaikyo/	../../photos/kanmon-kaikyo.html	表示確認	見た目は「合意したデザイン」の通りに見えますか？（崩れ・文字化け・画像抜けがないか）		
花農丘公園　総合農事センター | アーバンネイチャー北九州	http://nature-kitakyushuichiki.local/photos-kanougaoka-kouen/	../../photos/kanougaoka-kouen.html	表示確認	見た目は「合意したデザイン」の通りに見えますか？（崩れ・文字化け・画像抜けがないか）		
勝山公園　桜 | アーバンネイチャー北九州	http://nature-kitakyushuichiki.local/photos-katsuyama-kouen-sakura/	../../photos/katsuyama-kouen-sakura.html	表示確認	見た目は「合意したデザイン」の通りに見えますか？（崩れ・文字化け・画像抜けがないか）		
キノコなど | アーバンネイチャー北九州	http://nature-kitakyushuichiki.local/photos-kinoko-nado/	../../photos/kinoko-nado.html	表示確認	見た目は「合意したデザイン」の通りに見えますか？（崩れ・文字化け・画像抜けがないか）		
北九州モノレール | アーバンネイチャー北九州	http://nature-kitakyushuichiki.local/photos-kitakyushu-monorail/	../../photos/kitakyushu-monorail.html	表示確認	見た目は「合意したデザイン」の通りに見えますか？（崩れ・文字化け・画像抜けがないか）		
北九州市立美術館 | アーバンネイチャー北九州	http://nature-kitakyushuichiki.local/photos-kitakyushu-museum-of-art/	../../photos/kitakyushu-museum-of-art.html	表示確認	見た目は「合意したデザイン」の通りに見えますか？（崩れ・文字化け・画像抜けがないか）		
小倉城　桜 | アーバンネイチャー北九州	http://nature-kitakyushuichiki.local/photos-kokura-castle-sakura/	../../photos/kokura-castle-sakura.html	表示確認	見た目は「合意したデザイン」の通りに見えますか？（崩れ・文字化け・画像抜けがないか）		
昆虫・その他 | アーバンネイチャー北九州	http://nature-kitakyushuichiki.local/photos-konchu-sonota/	../../photos/konchu-sonota.html	表示確認	見た目は「合意したデザイン」の通りに見えますか？（崩れ・文字化け・画像抜けがないか）		
黒崎城跡　桜 | アーバンネイチャー北九州	http://nature-kitakyushuichiki.local/photos-kurosaki-jouseki-sakura/	../../photos/kurosaki-jouseki-sakura.html	表示確認	見た目は「合意したデザイン」の通りに見えますか？（崩れ・文字化け・画像抜けがないか）		
ます渕ダム | アーバンネイチャー北九州	http://nature-kitakyushuichiki.local/photos-masubuchi-dam/	../../photos/masubuchi-dam.html	表示確認	見た目は「合意したデザイン」の通りに見えますか？（崩れ・文字化け・画像抜けがないか）		
門司港　桜 | アーバンネイチャー北九州	http://nature-kitakyushuichiki.local/photos-mojiko-sakura/	../../photos/mojiko-sakura.html	表示確認	見た目は「合意したデザイン」の通りに見えますか？（崩れ・文字化け・画像抜けがないか）		
門司港 | アーバンネイチャー北九州	http://nature-kitakyushuichiki.local/photos-mojiko/	../../photos/mojiko.html	表示確認	見た目は「合意したデザイン」の通りに見えますか？（崩れ・文字化け・画像抜けがないか）		
山 | アーバンネイチャー北九州	http://nature-kitakyushuichiki.local/photos-mountain/	../../photos/mountain.html	表示確認	見た目は「合意したデザイン」の通りに見えますか？（崩れ・文字化け・画像抜けがないか）		
紫川　橋1 | アーバンネイチャー北九州	http://nature-kitakyushuichiki.local/photos-murasakigawa-hashi1/	../../photos/murasakigawa-hashi1.html	表示確認	見た目は「合意したデザイン」の通りに見えますか？（崩れ・文字化け・画像抜けがないか）		
紫川　橋2 | アーバンネイチャー北九州	http://nature-kitakyushuichiki.local/photos-murasakigawa-hashi2/	../../photos/murasakigawa-hashi2.html	表示確認	見た目は「合意したデザイン」の通りに見えますか？（崩れ・文字化け・画像抜けがないか）		
長野緑地 | アーバンネイチャー北九州	http://nature-kitakyushuichiki.local/photos-nagano-ryokuchi/	../../photos/nagano-ryokuchi.html	表示確認	見た目は「合意したデザイン」の通りに見えますか？（崩れ・文字化け・画像抜けがないか）		
菜の花 | アーバンネイチャー北九州	http://nature-kitakyushuichiki.local/photos-nanohana/	../../photos/nanohana.html	表示確認	見た目は「合意したデザイン」の通りに見えますか？（崩れ・文字化け・画像抜けがないか）		
ねぎ | アーバンネイチャー北九州	http://nature-kitakyushuichiki.local/photos-negi/	../../photos/negi.html	表示確認	見た目は「合意したデザイン」の通りに見えますか？（崩れ・文字化け・画像抜けがないか）		
貫山 | アーバンネイチャー北九州	http://nature-kitakyushuichiki.local/photos-nukisan/	../../photos/nukisan.html	表示確認	見た目は「合意したデザイン」の通りに見えますか？（崩れ・文字化け・画像抜けがないか）		
お糸の池 | アーバンネイチャー北九州	http://nature-kitakyushuichiki.local/photos-oito-no-ike/	../../photos/oito-no-ike.html	表示確認	見た目は「合意したデザイン」の通りに見えますか？（崩れ・文字化け・画像抜けがないか）		
フォトコンテスト作品 | アーバンネイチャー北九州	http://nature-kitakyushuichiki.local/photos-photo-contest/	../../photos/photo-contest.html	表示確認	見た目は「合意したデザイン」の通りに見えますか？（崩れ・文字化け・画像抜けがないか）		
ピーマン | アーバンネイチャー北九州	http://nature-kitakyushuichiki.local/photos-piman/	../../photos/piman.html	表示確認	見た目は「合意したデザイン」の通りに見えますか？（崩れ・文字化け・画像抜けがないか）		
植物 | アーバンネイチャー北九州	http://nature-kitakyushuichiki.local/photos-plant/	../../photos/plant.html	表示確認	見た目は「合意したデザイン」の通りに見えますか？（崩れ・文字化け・画像抜けがないか）		
植物1 | アーバンネイチャー北九州	http://nature-kitakyushuichiki.local/photos-plant1/	../../photos/plant1.html	表示確認	見た目は「合意したデザイン」の通りに見えますか？（崩れ・文字化け・画像抜けがないか）		
植物2 | アーバンネイチャー北九州	http://nature-kitakyushuichiki.local/photos-plant2/	../../photos/plant2.html	表示確認	見た目は「合意したデザイン」の通りに見えますか？（崩れ・文字化け・画像抜けがないか）		
植物3 | アーバンネイチャー北九州	http://nature-kitakyushuichiki.local/photos-plant3/	../../photos/plant3.html	表示確認	見た目は「合意したデザイン」の通りに見えますか？（崩れ・文字化け・画像抜けがないか）		
植物4 | アーバンネイチャー北九州	http://nature-kitakyushuichiki.local/photos-plant4/	../../photos/plant4.html	表示確認	見た目は「合意したデザイン」の通りに見えますか？（崩れ・文字化け・画像抜けがないか）		
植物5 | アーバンネイチャー北九州	http://nature-kitakyushuichiki.local/photos-plant5/	../../photos/plant5.html	表示確認	見た目は「合意したデザイン」の通りに見えますか？（崩れ・文字化け・画像抜けがないか）		
写真を投稿する | アーバンネイチャー北九州	http://nature-kitakyushuichiki.local/photos-policy/	../../photos/policy.html	表示確認	見た目は「合意したデザイン」の通りに見えますか？（崩れ・文字化け・画像抜けがないか）		
農産品 | アーバンネイチャー北九州	http://nature-kitakyushuichiki.local/photos-produce/	../../photos/produce.html	表示確認	見た目は「合意したデザイン」の通りに見えますか？（崩れ・文字化け・画像抜けがないか）		
川 | アーバンネイチャー北九州	http://nature-kitakyushuichiki.local/photos-river/	../../photos/river.html	表示確認	見た目は「合意したデザイン」の通りに見えますか？（崩れ・文字化け・画像抜けがないか）		
ロメインレタス | アーバンネイチャー北九州	http://nature-kitakyushuichiki.local/photos-romaine-lettuce/	../../photos/romaine-lettuce.html	表示確認	見た目は「合意したデザイン」の通りに見えますか？（崩れ・文字化け・画像抜けがないか）		
海・干潟・ビオトープ | アーバンネイチャー北九州	http://nature-kitakyushuichiki.local/photos-sea/	../../photos/sea.html	表示確認	見た目は「合意したデザイン」の通りに見えますか？（崩れ・文字化け・画像抜けがないか）		
志井川　桜 | アーバンネイチャー北九州	http://nature-kitakyushuichiki.local/photos-shiigawa-sakura/	../../photos/shiigawa-sakura.html	表示確認	見た目は「合意したデザイン」の通りに見えますか？（崩れ・文字化け・画像抜けがないか）		
白野江植物公園 | アーバンネイチャー北九州	http://nature-kitakyushuichiki.local/photos-shiranoe-shokubutsu-kouen/	../../photos/shiranoe-shokubutsu-kouen.html	表示確認	見た目は「合意したデザイン」の通りに見えますか？（崩れ・文字化け・画像抜けがないか）		
曽根東臨海スポーツ公園 | アーバンネイチャー北九州	http://nature-kitakyushuichiki.local/photos-sone-higashi-rinkai-sports-kouen/	../../photos/sone-higashi-rinkai-sports-kouen.html	表示確認	見た目は「合意したデザイン」の通りに見えますか？（崩れ・文字化け・画像抜けがないか）		
曽根干潟1 | アーバンネイチャー北九州	http://nature-kitakyushuichiki.local/photos-sone-higata1/	../../photos/sone-higata1.html	表示確認	見た目は「合意したデザイン」の通りに見えますか？（崩れ・文字化け・画像抜けがないか）		
曽根干潟2 | アーバンネイチャー北九州	http://nature-kitakyushuichiki.local/photos-sone-higata2/	../../photos/sone-higata2.html	表示確認	見た目は「合意したデザイン」の通りに見えますか？（崩れ・文字化け・画像抜けがないか）		
曽根新田 | アーバンネイチャー北九州	http://nature-kitakyushuichiki.local/photos-sone-shinden/	../../photos/sone-shinden.html	表示確認	見た目は「合意したデザイン」の通りに見えますか？（崩れ・文字化け・画像抜けがないか）		
ソラランド平尾台　平尾台自然の郷 | アーバンネイチャー北九州	http://nature-kitakyushuichiki.local/photos-soraland-hiraodai/	../../photos/soraland-hiraodai.html	表示確認	見た目は「合意したデザイン」の通りに見えますか？（崩れ・文字化け・画像抜けがないか）		
街と自然 | アーバンネイチャー北九州	http://nature-kitakyushuichiki.local/photos-urbannature/	../../photos/urbannature.html	表示確認	見た目は「合意したデザイン」の通りに見えますか？（崩れ・文字化け・画像抜けがないか）		
若戸大橋　若戸渡船 | アーバンネイチャー北九州	http://nature-kitakyushuichiki.local/photos-wakato-oohashi-watashibune/	../../photos/wakato-oohashi-watashibune.html	表示確認	見た目は「合意したデザイン」の通りに見えますか？（崩れ・文字化け・画像抜けがないか）		
アーバンネイチャー北九州 | 都市と自然、近いからこそおもしろい。	http://nature-kitakyushuichiki.local/	../../index.html	レスポンシブ	スマホで見て、文字や画像が重なったりはみ出したりしていませんか？		
お知らせ | アーバンネイチャー北九州	http://nature-kitakyushuichiki.local/news/	../../news/index.html	レスポンシブ	スマホで見て、文字や画像が重なったりはみ出したりしていませんか？		
「北九州ネイチャーポジティブネットワーク」で仲間がどんどん増えています！ | お知らせ | アーバンネイチャー北九州	http://nature-kitakyushuichiki.local/news/20251224-2/	../../news/20251224-2.html	レスポンシブ	スマホで見て、文字や画像が重なったりはみ出したりしていませんか？		
全体像 | アーバンネイチャー北九州	http://nature-kitakyushuichiki.local/about/	../../about/index.html	レスポンシブ	スマホで見て、文字や画像が重なったりはみ出したりしていませんか？		
生物多様性とは？ | アーバンネイチャー北九州	http://nature-kitakyushuichiki.local/about-biodiversity/	../../about/biodiversity.html	レスポンシブ	スマホで見て、文字や画像が重なったりはみ出したりしていませんか？		
北九州市の取組 | アーバンネイチャー北九州	http://nature-kitakyushuichiki.local/about-strategy/	../../about/strategy.html	レスポンシブ	スマホで見て、文字や画像が重なったりはみ出したりしていませんか？		
活動拠点 | アーバンネイチャー北九州	http://nature-kitakyushuichiki.local/center/	../../center/index.html	レスポンシブ	スマホで見て、文字や画像が重なったりはみ出したりしていませんか？		
北九州市響灘ビオトープ | アーバンネイチャー北九州	http://nature-kitakyushuichiki.local/center/biotope/	../../center/biotope.html	レスポンシブ	スマホで見て、文字や画像が重なったりはみ出したりしていませんか？		
北九州市の自然スポット | アーバンネイチャー北九州	http://nature-kitakyushuichiki.local/about/spots/	../../about/spots.html	レスポンシブ	スマホで見て、文字や画像が重なったりはみ出したりしていませんか？		
合馬竹林公園 | アーバンネイチャー北九州	http://nature-kitakyushuichiki.local/about/spots/auma/	../../about/spots/auma.html	レスポンシブ	スマホで見て、文字や画像が重なったりはみ出したりしていませんか？		
地域との繋がり | アーバンネイチャー北九州	http://nature-kitakyushuichiki.local/network/	../../network/index.html	レスポンシブ	スマホで見て、文字や画像が重なったりはみ出したりしていませんか？		
企業参加型プロジェクト | アーバンネイチャー北九州	http://nature-kitakyushuichiki.local/network-projects/	../../network/projects/index.html	レスポンシブ	スマホで見て、文字や画像が重なったりはみ出したりしていませんか？		
活動紹介 | アーバンネイチャー北九州	http://nature-kitakyushuichiki.local/network/cases/	../../network/cases/index.html	レスポンシブ	スマホで見て、文字や画像が重なったりはみ出したりしていませんか？		
九州電力株式会社 北九州支店 | 活動紹介 | アーバンネイチャー北九州	http://nature-kitakyushuichiki.local/network/cases/kyushu-denryoku/	../../network/cases/kyushu-denryoku.html	レスポンシブ	スマホで見て、文字や画像が重なったりはみ出したりしていませんか？		
企業の活動ブログ | アーバンネイチャー北九州	http://nature-kitakyushuichiki.local/blog/	../../blog/index.html	レスポンシブ	スマホで見て、文字や画像が重なったりはみ出したりしていませんか？		
団体等の活動ブログ | アーバンネイチャー北九州	http://nature-kitakyushuichiki.local/blog-organization/	../../blog/organization.html	レスポンシブ	スマホで見て、文字や画像が重なったりはみ出したりしていませんか？		
イベント | アーバンネイチャー北九州	http://nature-kitakyushuichiki.local/events/	../../events/index.html	レスポンシブ	スマホで見て、文字や画像が重なったりはみ出したりしていませんか？		
8/29(土) 一夜限りの「夜の水族館」開館！ | アーバンネイチャー北九州	http://nature-kitakyushuichiki.local/events/sample/	../../events/20260817-suizokukan.html	レスポンシブ	スマホで見て、文字や画像が重なったりはみ出したりしていませんか？		
みんなの写真展 | アーバンネイチャー北九州	http://nature-kitakyushuichiki.local/photos/	../../photos/index.html	レスポンシブ	スマホで見て、文字や画像が重なったりはみ出したりしていませんか？		
お問合せ | アーバンネイチャー北九州	http://nature-kitakyushuichiki.local/contact/	../../contact/index.html	レスポンシブ	スマホで見て、文字や画像が重なったりはみ出したりしていませんか？		
会員募集 | アーバンネイチャー北九州	http://nature-kitakyushuichiki.local/join/	../../join/index.html	レスポンシブ	スマホで見て、文字や画像が重なったりはみ出したりしていませんか？		
プライバシーポリシー | アーバンネイチャー北九州	http://nature-kitakyushuichiki.local/privacy/	../../privacy/index.html	レスポンシブ	スマホで見て、文字や画像が重なったりはみ出したりしていませんか？		
参加申し込み｜企業向け生態系保全体験プログラム ― ビオトープづくり | アーバンネイチャー北九州	http://nature-kitakyushuichiki.local/events-biotope-kigyo-apply/	../../events/biotope-kigyo-apply.html	レスポンシブ	スマホで見て、文字や画像が重なったりはみ出したりしていませんか？		
2025年5～6月のイベント一覧 | アーバンネイチャー北九州	http://nature-kitakyushuichiki.local/events-202505-06/	../../events/events-202505-06.html	レスポンシブ	スマホで見て、文字や画像が重なったりはみ出したりしていませんか？		
2025年7～8月のイベント一覧 | アーバンネイチャー北九州	http://nature-kitakyushuichiki.local/events-202507-08/	../../events/events-202507-08.html	レスポンシブ	スマホで見て、文字や画像が重なったりはみ出したりしていませんか？		
2025年10～11月のイベント一覧 | アーバンネイチャー北九州	http://nature-kitakyushuichiki.local/events-202510-11/	../../events/events-202510-11.html	レスポンシブ	スマホで見て、文字や画像が重なったりはみ出したりしていませんか？		
2026年1月のイベント一覧 | アーバンネイチャー北九州	http://nature-kitakyushuichiki.local/events-202601/	../../events/events-202601.html	レスポンシブ	スマホで見て、文字や画像が重なったりはみ出したりしていませんか？		
参加申し込み｜平尾台 春の自然観察会 | アーバンネイチャー北九州	http://nature-kitakyushuichiki.local/events-hiraodai-kansatsukai-apply/	../../events/hiraodai-kansatsukai-apply.html	レスポンシブ	スマホで見て、文字や画像が重なったりはみ出したりしていませんか？		
参加申し込み｜曽根干潟クリーンアップ大作戦 2026春 | アーバンネイチャー北九州	http://nature-kitakyushuichiki.local/events-sone-higata-cleanup-apply/	../../events/sone-higata-cleanup-apply.html	レスポンシブ	スマホで見て、文字や画像が重なったりはみ出したりしていませんか？		
参加申し込み｜夏休み自然体験キャンプ ― 2泊3日で学ぶ北九州の自然 | アーバンネイチャー北九州	http://nature-kitakyushuichiki.local/events-summer-camp-apply/	../../events/summer-camp-apply.html	レスポンシブ	スマホで見て、文字や画像が重なったりはみ出したりしていませんか？		
自然共生サイト | アーバンネイチャー北九州	http://nature-kitakyushuichiki.local/nature-symbiosis/	../../nature-symbiosis/index.html	レスポンシブ	スマホで見て、文字や画像が重なったりはみ出したりしていませんか？		
響灘ビオトープ共同事業体 | アーバンネイチャー北九州	http://nature-kitakyushuichiki.local/network-hibikinadabiotope/	../../network/hibikinadabiotope.html	レスポンシブ	スマホで見て、文字や画像が重なったりはみ出したりしていませんか？		
動物 | アーバンネイチャー北九州	http://nature-kitakyushuichiki.local/photos-animal/	../../photos/animal.html	レスポンシブ	スマホで見て、文字や画像が重なったりはみ出したりしていませんか？		
動物1 | アーバンネイチャー北九州	http://nature-kitakyushuichiki.local/photos-animal1/	../../photos/animal1.html	レスポンシブ	スマホで見て、文字や画像が重なったりはみ出したりしていませんか？		
あさの汐風公園　桜　噴水 | アーバンネイチャー北九州	http://nature-kitakyushuichiki.local/photos-asano-shiokaze-kouen/	../../photos/asano-shiokaze-kouen.html	レスポンシブ	スマホで見て、文字や画像が重なったりはみ出したりしていませんか？		
合馬の竹林 | アーバンネイチャー北九州	http://nature-kitakyushuichiki.local/photos-auma-no-chikurin/	../../photos/auma-no-chikurin.html	レスポンシブ	スマホで見て、文字や画像が重なったりはみ出したりしていませんか？		
ブロッコリー | アーバンネイチャー北九州	http://nature-kitakyushuichiki.local/photos-broccoli/	../../photos/broccoli.html	レスポンシブ	スマホで見て、文字や画像が重なったりはみ出したりしていませんか？		
コンテスト作品 | アーバンネイチャー北九州	http://nature-kitakyushuichiki.local/photos-contest/	../../photos/contest.html	レスポンシブ	スマホで見て、文字や画像が重なったりはみ出したりしていませんか？		
昆虫・その他 | アーバンネイチャー北九州	http://nature-kitakyushuichiki.local/photos-etc/	../../photos/etc.html	レスポンシブ	スマホで見て、文字や画像が重なったりはみ出したりしていませんか？		
フダンナスイスチャード | アーバンネイチャー北九州	http://nature-kitakyushuichiki.local/photos-fudanna-swiss-chard/	../../photos/fudanna-swiss-chard.html	レスポンシブ	スマホで見て、文字や画像が重なったりはみ出したりしていませんか？		
グリーンパーク | アーバンネイチャー北九州	http://nature-kitakyushuichiki.local/photos-greenpark/	../../photos/greenpark.html	レスポンシブ	スマホで見て、文字や画像が重なったりはみ出したりしていませんか？		
春吉の眼鏡橋 | アーバンネイチャー北九州	http://nature-kitakyushuichiki.local/photos-haruyoshi-no-meganebashi/	../../photos/haruyoshi-no-meganebashi.html	レスポンシブ	スマホで見て、文字や画像が重なったりはみ出したりしていませんか？		
ひびき海の公園（フィッシャリーナ） | アーバンネイチャー北九州	http://nature-kitakyushuichiki.local/photos-hibiki-umino-kouen-fisharina/	../../photos/hibiki-umino-kouen-fisharina.html	レスポンシブ	スマホで見て、文字や画像が重なったりはみ出したりしていませんか？		
ひびき海の公園1 | アーバンネイチャー北九州	http://nature-kitakyushuichiki.local/photos-hibiki-umino-kouen1/	../../photos/hibiki-umino-kouen1.html	レスポンシブ	スマホで見て、文字や画像が重なったりはみ出したりしていませんか？		
ひびき海の公園2 | アーバンネイチャー北九州	http://nature-kitakyushuichiki.local/photos-hibiki-umino-kouen2/	../../photos/hibiki-umino-kouen2.html	レスポンシブ	スマホで見て、文字や画像が重なったりはみ出したりしていませんか？		
響灘ビオトープ | アーバンネイチャー北九州	http://nature-kitakyushuichiki.local/photos-hibikinada-biotope/	../../photos/hibikinada-biotope.html	レスポンシブ	スマホで見て、文字や画像が重なったりはみ出したりしていませんか？		
平尾台1 | アーバンネイチャー北九州	http://nature-kitakyushuichiki.local/photos-hiraodai1/	../../photos/hiraodai1.html	レスポンシブ	スマホで見て、文字や画像が重なったりはみ出したりしていませんか？		
平尾台2 | アーバンネイチャー北九州	http://nature-kitakyushuichiki.local/photos-hiraodai2/	../../photos/hiraodai2.html	レスポンシブ	スマホで見て、文字や画像が重なったりはみ出したりしていませんか？		
関門海峡 | アーバンネイチャー北九州	http://nature-kitakyushuichiki.local/photos-kanmon-kaikyo/	../../photos/kanmon-kaikyo.html	レスポンシブ	スマホで見て、文字や画像が重なったりはみ出したりしていませんか？		
花農丘公園　総合農事センター | アーバンネイチャー北九州	http://nature-kitakyushuichiki.local/photos-kanougaoka-kouen/	../../photos/kanougaoka-kouen.html	レスポンシブ	スマホで見て、文字や画像が重なったりはみ出したりしていませんか？		
勝山公園　桜 | アーバンネイチャー北九州	http://nature-kitakyushuichiki.local/photos-katsuyama-kouen-sakura/	../../photos/katsuyama-kouen-sakura.html	レスポンシブ	スマホで見て、文字や画像が重なったりはみ出したりしていませんか？		
キノコなど | アーバンネイチャー北九州	http://nature-kitakyushuichiki.local/photos-kinoko-nado/	../../photos/kinoko-nado.html	レスポンシブ	スマホで見て、文字や画像が重なったりはみ出したりしていませんか？		
北九州モノレール | アーバンネイチャー北九州	http://nature-kitakyushuichiki.local/photos-kitakyushu-monorail/	../../photos/kitakyushu-monorail.html	レスポンシブ	スマホで見て、文字や画像が重なったりはみ出したりしていませんか？		
北九州市立美術館 | アーバンネイチャー北九州	http://nature-kitakyushuichiki.local/photos-kitakyushu-museum-of-art/	../../photos/kitakyushu-museum-of-art.html	レスポンシブ	スマホで見て、文字や画像が重なったりはみ出したりしていませんか？		
小倉城　桜 | アーバンネイチャー北九州	http://nature-kitakyushuichiki.local/photos-kokura-castle-sakura/	../../photos/kokura-castle-sakura.html	レスポンシブ	スマホで見て、文字や画像が重なったりはみ出したりしていませんか？		
昆虫・その他 | アーバンネイチャー北九州	http://nature-kitakyushuichiki.local/photos-konchu-sonota/	../../photos/konchu-sonota.html	レスポンシブ	スマホで見て、文字や画像が重なったりはみ出したりしていませんか？		
黒崎城跡　桜 | アーバンネイチャー北九州	http://nature-kitakyushuichiki.local/photos-kurosaki-jouseki-sakura/	../../photos/kurosaki-jouseki-sakura.html	レスポンシブ	スマホで見て、文字や画像が重なったりはみ出したりしていませんか？		
ます渕ダム | アーバンネイチャー北九州	http://nature-kitakyushuichiki.local/photos-masubuchi-dam/	../../photos/masubuchi-dam.html	レスポンシブ	スマホで見て、文字や画像が重なったりはみ出したりしていませんか？		
門司港　桜 | アーバンネイチャー北九州	http://nature-kitakyushuichiki.local/photos-mojiko-sakura/	../../photos/mojiko-sakura.html	レスポンシブ	スマホで見て、文字や画像が重なったりはみ出したりしていませんか？		
門司港 | アーバンネイチャー北九州	http://nature-kitakyushuichiki.local/photos-mojiko/	../../photos/mojiko.html	レスポンシブ	スマホで見て、文字や画像が重なったりはみ出したりしていませんか？		
山 | アーバンネイチャー北九州	http://nature-kitakyushuichiki.local/photos-mountain/	../../photos/mountain.html	レスポンシブ	スマホで見て、文字や画像が重なったりはみ出したりしていませんか？		
紫川　橋1 | アーバンネイチャー北九州	http://nature-kitakyushuichiki.local/photos-murasakigawa-hashi1/	../../photos/murasakigawa-hashi1.html	レスポンシブ	スマホで見て、文字や画像が重なったりはみ出したりしていませんか？		
紫川　橋2 | アーバンネイチャー北九州	http://nature-kitakyushuichiki.local/photos-murasakigawa-hashi2/	../../photos/murasakigawa-hashi2.html	レスポンシブ	スマホで見て、文字や画像が重なったりはみ出したりしていませんか？		
長野緑地 | アーバンネイチャー北九州	http://nature-kitakyushuichiki.local/photos-nagano-ryokuchi/	../../photos/nagano-ryokuchi.html	レスポンシブ	スマホで見て、文字や画像が重なったりはみ出したりしていませんか？		
菜の花 | アーバンネイチャー北九州	http://nature-kitakyushuichiki.local/photos-nanohana/	../../photos/nanohana.html	レスポンシブ	スマホで見て、文字や画像が重なったりはみ出したりしていませんか？		
ねぎ | アーバンネイチャー北九州	http://nature-kitakyushuichiki.local/photos-negi/	../../photos/negi.html	レスポンシブ	スマホで見て、文字や画像が重なったりはみ出したりしていませんか？		
貫山 | アーバンネイチャー北九州	http://nature-kitakyushuichiki.local/photos-nukisan/	../../photos/nukisan.html	レスポンシブ	スマホで見て、文字や画像が重なったりはみ出したりしていませんか？		
お糸の池 | アーバンネイチャー北九州	http://nature-kitakyushuichiki.local/photos-oito-no-ike/	../../photos/oito-no-ike.html	レスポンシブ	スマホで見て、文字や画像が重なったりはみ出したりしていませんか？		
フォトコンテスト作品 | アーバンネイチャー北九州	http://nature-kitakyushuichiki.local/photos-photo-contest/	../../photos/photo-contest.html	レスポンシブ	スマホで見て、文字や画像が重なったりはみ出したりしていませんか？		
ピーマン | アーバンネイチャー北九州	http://nature-kitakyushuichiki.local/photos-piman/	../../photos/piman.html	レスポンシブ	スマホで見て、文字や画像が重なったりはみ出したりしていませんか？		
植物 | アーバンネイチャー北九州	http://nature-kitakyushuichiki.local/photos-plant/	../../photos/plant.html	レスポンシブ	スマホで見て、文字や画像が重なったりはみ出したりしていませんか？		
植物1 | アーバンネイチャー北九州	http://nature-kitakyushuichiki.local/photos-plant1/	../../photos/plant1.html	レスポンシブ	スマホで見て、文字や画像が重なったりはみ出したりしていませんか？		
植物2 | アーバンネイチャー北九州	http://nature-kitakyushuichiki.local/photos-plant2/	../../photos/plant2.html	レスポンシブ	スマホで見て、文字や画像が重なったりはみ出したりしていませんか？		
植物3 | アーバンネイチャー北九州	http://nature-kitakyushuichiki.local/photos-plant3/	../../photos/plant3.html	レスポンシブ	スマホで見て、文字や画像が重なったりはみ出したりしていませんか？		
植物4 | アーバンネイチャー北九州	http://nature-kitakyushuichiki.local/photos-plant4/	../../photos/plant4.html	レスポンシブ	スマホで見て、文字や画像が重なったりはみ出したりしていませんか？		
植物5 | アーバンネイチャー北九州	http://nature-kitakyushuichiki.local/photos-plant5/	../../photos/plant5.html	レスポンシブ	スマホで見て、文字や画像が重なったりはみ出したりしていませんか？		
写真を投稿する | アーバンネイチャー北九州	http://nature-kitakyushuichiki.local/photos-policy/	../../photos/policy.html	レスポンシブ	スマホで見て、文字や画像が重なったりはみ出したりしていませんか？		
農産品 | アーバンネイチャー北九州	http://nature-kitakyushuichiki.local/photos-produce/	../../photos/produce.html	レスポンシブ	スマホで見て、文字や画像が重なったりはみ出したりしていませんか？		
川 | アーバンネイチャー北九州	http://nature-kitakyushuichiki.local/photos-river/	../../photos/river.html	レスポンシブ	スマホで見て、文字や画像が重なったりはみ出したりしていませんか？		
ロメインレタス | アーバンネイチャー北九州	http://nature-kitakyushuichiki.local/photos-romaine-lettuce/	../../photos/romaine-lettuce.html	レスポンシブ	スマホで見て、文字や画像が重なったりはみ出したりしていませんか？		
海・干潟・ビオトープ | アーバンネイチャー北九州	http://nature-kitakyushuichiki.local/photos-sea/	../../photos/sea.html	レスポンシブ	スマホで見て、文字や画像が重なったりはみ出したりしていませんか？		
志井川　桜 | アーバンネイチャー北九州	http://nature-kitakyushuichiki.local/photos-shiigawa-sakura/	../../photos/shiigawa-sakura.html	レスポンシブ	スマホで見て、文字や画像が重なったりはみ出したりしていませんか？		
白野江植物公園 | アーバンネイチャー北九州	http://nature-kitakyushuichiki.local/photos-shiranoe-shokubutsu-kouen/	../../photos/shiranoe-shokubutsu-kouen.html	レスポンシブ	スマホで見て、文字や画像が重なったりはみ出したりしていませんか？		
曽根東臨海スポーツ公園 | アーバンネイチャー北九州	http://nature-kitakyushuichiki.local/photos-sone-higashi-rinkai-sports-kouen/	../../photos/sone-higashi-rinkai-sports-kouen.html	レスポンシブ	スマホで見て、文字や画像が重なったりはみ出したりしていませんか？		
曽根干潟1 | アーバンネイチャー北九州	http://nature-kitakyushuichiki.local/photos-sone-higata1/	../../photos/sone-higata1.html	レスポンシブ	スマホで見て、文字や画像が重なったりはみ出したりしていませんか？		
曽根干潟2 | アーバンネイチャー北九州	http://nature-kitakyushuichiki.local/photos-sone-higata2/	../../photos/sone-higata2.html	レスポンシブ	スマホで見て、文字や画像が重なったりはみ出したりしていませんか？		
曽根新田 | アーバンネイチャー北九州	http://nature-kitakyushuichiki.local/photos-sone-shinden/	../../photos/sone-shinden.html	レスポンシブ	スマホで見て、文字や画像が重なったりはみ出したりしていませんか？		
ソラランド平尾台　平尾台自然の郷 | アーバンネイチャー北九州	http://nature-kitakyushuichiki.local/photos-soraland-hiraodai/	../../photos/soraland-hiraodai.html	レスポンシブ	スマホで見て、文字や画像が重なったりはみ出したりしていませんか？		
街と自然 | アーバンネイチャー北九州	http://nature-kitakyushuichiki.local/photos-urbannature/	../../photos/urbannature.html	レスポンシブ	スマホで見て、文字や画像が重なったりはみ出したりしていませんか？		
若戸大橋　若戸渡船 | アーバンネイチャー北九州	http://nature-kitakyushuichiki.local/photos-wakato-oohashi-watashibune/	../../photos/wakato-oohashi-watashibune.html	レスポンシブ	スマホで見て、文字や画像が重なったりはみ出したりしていませんか？		
お問合せ | アーバンネイチャー北九州	http://nature-kitakyushuichiki.local/contact/	../../contact/index.html	フォーム送信	フォームに入力して送信すると「送信完了」の画面が表示され、担当者にメールが届きましたか？		
参加申し込み｜企業向け生態系保全体験プログラム ― ビオトープづくり | アーバンネイチャー北九州	http://nature-kitakyushuichiki.local/events-biotope-kigyo-apply/	../../events/biotope-kigyo-apply.html	フォーム送信	フォームに入力して送信すると「送信完了」の画面が表示され、担当者にメールが届きましたか？		
参加申し込み｜平尾台 春の自然観察会 | アーバンネイチャー北九州	http://nature-kitakyushuichiki.local/events-hiraodai-kansatsukai-apply/	../../events/hiraodai-kansatsukai-apply.html	フォーム送信	フォームに入力して送信すると「送信完了」の画面が表示され、担当者にメールが届きましたか？		
参加申し込み｜曽根干潟クリーンアップ大作戦 2026春 | アーバンネイチャー北九州	http://nature-kitakyushuichiki.local/events-sone-higata-cleanup-apply/	../../events/sone-higata-cleanup-apply.html	フォーム送信	フォームに入力して送信すると「送信完了」の画面が表示され、担当者にメールが届きましたか？		
参加申し込み｜夏休み自然体験キャンプ ― 2泊3日で学ぶ北九州の自然 | アーバンネイチャー北九州	http://nature-kitakyushuichiki.local/events-summer-camp-apply/	../../events/summer-camp-apply.html	フォーム送信	フォームに入力して送信すると「送信完了」の画面が表示され、担当者にメールが届きましたか？		
写真を投稿する | アーバンネイチャー北九州	http://nature-kitakyushuichiki.local/photos-policy/	../../photos/policy.html	フォーム送信	フォームに入力して送信すると「送信完了」の画面が表示され、担当者にメールが届きましたか？		